<?xml version="1.0" encoding="UTF-8"?>
<beans:beans xmlns="http://www.springframework.org/schema/mvc"
	xmlns:xsi="http://www.w3.org/2001/XMLSchema-instance"
	xmlns:beans="http://www.springframework.org/schema/beans"
	xmlns:context="http://www.springframework.org/schema/context"
	xsi:schemaLocation="http://www.springframework.org/schema/mvc https://www.springframework.org/schema/mvc/spring-mvc.xsd
		http://www.springframework.org/schema/beans https://www.springframework.org/schema/beans/spring-beans.xsd
		http://www.springframework.org/schema/context https://www.springframework.org/schema/context/spring-context.xsd">

	<!-- DispatcherServlet Context: defines this servlet's request-processing infrastructure -->
	
	<!-- Enables the Spring MVC @Controller programming model -->
	<annotation-driven />

	<!--
		주소 창에 요청이 들어오면 @Controller 어노테이션을 붙여준 클래스(컨트롤러)의 @RequestMapping 어노테이션의 인수로 지정된
		내용을 검색해서 메소드를 실행하지만 예외적으로 아래와 같이 resources 태그의 mapping 속성에 지정된 요청이 들어오면 컨트롤러
		클래스를 검색하지 않고 resources 태그의 location 속성이 지정된 경로를 검색한다. => image, css, js 파일의 경로를 설정한다.
	-->
	<resources mapping="/resources/**" location="/resources/" />
	<resources mapping="/images/**" location="/WEB-INF/images/" /> <!-- image -->
	<resources mapping="/css/**" location="/WEB-INF/css/" />       <!-- css -->
	<resources mapping="/js/**" location="/WEB-INF/js/" />         <!-- js -->

	<!-- Resolves views selected for rendering by @Controllers to .jsp resources in the /WEB-INF/views directory -->
	<beans:bean class="org.springframework.web.servlet.view.InternalResourceViewResolver">
		<beans:property name="prefix" value="/WEB-INF/views/" />
		<beans:property name="suffix" value=".jsp" />
	</beans:bean>
	
	<context:component-scan base-package="com.koreait.springMVCController" />
	
</beans:beans>
