<?xml version="1.0" encoding="UTF-8"?>
<beans:beans xmlns="http://www.springframework.org/schema/mvc"
	xmlns:xsi="http://www.w3.org/2001/XMLSchema-instance"
	xmlns:beans="http://www.springframework.org/schema/beans"
	xmlns:context="http://www.springframework.org/schema/context"
	xsi:schemaLocation="http://www.springframework.org/schema/mvc https://www.springframework.org/schema/mvc/spring-mvc.xsd
		http://www.springframework.org/schema/beans https://www.springframework.org/schema/beans/spring-beans.xsd
		http://www.springframework.org/schema/context https://www.springframework.org/schema/context/spring-context.xsd">

	<!-- DispatcherServlet Context: defines this servlet's request-processing infrastructure -->
	
	<!-- Enables the Spring MVC @Controller programming model -->
	<annotation-driven />

	<!-- Handles HTTP GET requests for /resources/** by efficiently serving up static resources in the ${webappRoot}/resources directory -->
	<resources mapping="/resources/**" location="/resources/" />
	<resources mapping="/images/**" location="/WEB-INF/images/" />

	<!-- Resolves views selected for rendering by @Controllers to .jsp resources in the /WEB-INF/views directory -->
	<beans:bean class="org.springframework.web.servlet.view.InternalResourceViewResolver">
		<beans:property name="prefix" value="/WEB-INF/views/" />
		<beans:property name="suffix" value=".jsp" />
	</beans:bean>
	
	<context:component-scan base-package="com.koreait.springMVCBoard_DBCP" />
	
	<!-- 데이터베이스 연결 정보를 설정하는 DriverManagerDataSource 클래스의 bean을 설정한다. -->
	<beans:bean name="dataSource" class="org.springframework.jdbc.datasource.DriverManagerDataSource">
		<beans:property name="driverClassName" value="oracle.jdbc.driver.OracleDriver"/>
		<beans:property name="url" value="jdbc:oracle:thin:@localhost:1521:xe"/>
		<beans:property name="username" value="koreait"/>
		<beans:property name="password" value="0000"/>
	</beans:bean>
	
	<!-- 데이터베이스 연결 정보와 데이터베이스에 연결한 후 실행할 sql 명령이 저장된 xml 파일의 경로를 기억하는 bean을 설정한다. -->
	<!-- mapper 설정 정보를 기억하는 bean -->
	<beans:bean id="sqlSessionFactory" class="org.mybatis.spring.SqlSessionFactoryBean">
		<!-- 데이터베이스 연결 정보를 참조 시킨다. -->
		<beans:property name="dataSource" ref="dataSource"/>
		<!-- 실행할 sql 명령이 저장된 xml 파일의 경로를 설정한다. -->
		<!-- value 속성에 xml 파일이 위치한 패키지 이름과 파일 이름을 입력한다. -->
		<!-- value 속성에 지정한 패키지에 xml 파일이 없으면 fileNotFoundException이 발생된다. -->
		<beans:property name="mapperLocations" value="classpath:com/koreait/dao/*.xml"/>
		<!-- 필요하다면 typeAliases 설정 정보가 저장된 xml 파일의 경로를 설정한다. -->
		<beans:property name="configLocation" value="classpath:mybatis-config.xml"/>
	</beans:bean>
		
	<!-- 데이터베이스 연결 정보, sql 명령이 저장된 xml 파일의 경로를 mapper 설정 정보를 기억하는 bean을 참조해서 mybatis mapper로 사용할 bean -->
	<beans:bean id="sqlSession" class="org.mybatis.spring.SqlSessionTemplate">
		<beans:constructor-arg index="0" ref="sqlSessionFactory"/>
	</beans:bean>
	
	<!-- 여기부터 -->
	<!-- DriverManagerDataSource 클래스의 bean을 참조해서 데이터베이스와 연결하는 JdbcTemplate 클래스의 bean을 설정한다. -->
	<!--
	<beans:bean name="template" class="org.springframework.jdbc.core.JdbcTemplate">
		<beans:property name="dataSource" ref="dataSource"/>
	</beans:bean>
	-->
	<!-- 여기까지 mybatis로 변환이 완료되면 주석으로 처리한다. -->
	
</beans:beans>






